North American Industry Classification System (NAICS),Jan-14,Feb-14,Mar-14,Apr-14,May-14,Jun-14,Jul-14,Aug-14,Sep-14,Oct-14,Nov-14,Dec-14,Jan-15,Feb-15,Mar-15,Apr-15,May-15,Jun-15,Jul-15,Aug-15,Sep-15,Oct-15,Nov-15,Dec-15,Jan-16,Feb-16,Mar-16,Apr-16,May-16,Jun-16,Jul-16,Aug-16,Sep-16,Oct-16,Nov-16,Dec-16,Jan-17,Feb-17,Mar-17,Apr-17,May-17,Jun-17,Jul-17,Aug-17,Sep-17,Oct-17,Nov-17,Dec-17,Jan-18,Feb-18,Mar-18,Apr-18,May-18,Jun-18,Jul-18,Aug-18,Sep-18,Oct-18,Nov-18,Dec-18,Jan-19,Feb-19,Mar-19,Apr-19,May-19,Jun-19,Jul-19,Aug-19,Sep-19,Oct-19,Nov-19,Dec-19,Jan-20,Feb-20,Mar-20,Apr-20,May-20,Jun-20,Jul-20,Aug-20,Sep-20,Oct-20,Nov-20,Dec-20,Jan-21,Feb-21,Mar-21,Apr-21,May-21,Jun-21,Jul-21,Aug-21,Sep-21,Oct-21,Nov-21,Dec-21,Jan-22,Feb-22,Mar-22,Apr-22,May-22,Jun-22,Jul-22,Aug-22,Sep-22,Oct-22,Nov-22,Dec-22,Jan-23,Feb-23,Mar-23,Apr-23,May-23,Jun-23,Jul-23,Aug-23,Sep-23,Oct-23,Nov-23,Dec-23,Jan-24,Feb-24
All industries  [T001] 4,"1,863,035","1,872,372","1,877,319","1,881,089","1,892,936","1,901,582","1,904,250","1,900,262","1,907,872","1,913,355","1,914,614","1,917,559","1,909,603","1,907,049","1,905,988","1,905,441","1,904,409","1,909,593","1,914,406","1,918,458","1,910,530","1,912,301","1,916,787","1,918,886","1,930,434","1,924,854","1,917,766","1,922,103","1,911,266","1,920,490","1,931,887","1,936,423","1,941,422","1,940,404","1,947,701","1,953,152","1,962,254","1,969,304","1,978,060","1,987,668","1,992,055","1,996,878","1,996,019","1,994,122","1,999,220","1,999,518","2,008,970","2,014,340","2,020,721","2,031,403","2,039,914","2,040,275","2,047,718","2,050,188","2,054,500","2,056,138","2,059,567","2,063,118","2,059,427","2,062,691","2,067,478","2,061,962","2,073,732","2,086,598","2,092,359","2,096,319","2,097,225","2,097,381","2,098,372","2,099,541","2,099,164","2,109,773","2,114,210","2,118,330","1,959,569","1,749,376","1,829,021","1,935,578","1,985,603","2,004,911","2,023,883","2,035,550","2,049,508","2,052,921","2,061,870","2,065,797","2,088,503","2,067,190","2,058,230","2,076,121","2,089,072","2,105,441","2,111,870","2,127,417","2,137,002","2,140,435","2,138,449","2,154,659","2,169,435","2,167,945","2,173,925","2,179,345","2,180,920","2,187,444","2,191,747","2,187,842","2,187,964","2,181,765","2,197,226","2,200,908","2,203,682","2,201,259","2,206,811","2,202,257","2,200,199","2,200,765","2,199,990","2,201,568","2,206,369","2,203,489","2,215,040","2,218,374"
Goods-producing industries  [T002] 4,"524,256","530,386","531,705","534,836","539,687","543,859","542,469","535,966","542,208","546,127","546,021","546,868","542,604","538,444","535,146","532,254","532,706","533,050","535,165","540,272","532,098","531,775","532,357","532,036","535,618","530,212","524,772","526,789","514,234","521,424","528,131","529,972","531,708","530,060","534,229","537,681","541,243","541,117","543,571","547,314","549,602","551,174","552,649","546,788","549,159","548,010","552,832","553,561","555,891","561,587","568,051","567,485","566,040","567,748","568,844","566,429","565,498","565,148","561,699","558,824","558,703","557,700","563,088","569,995","573,348","572,246","568,252","566,933","567,269","566,814","565,109","566,539","564,416","569,394","541,362","459,461","499,378","526,681","536,761","538,830","542,701","546,101","552,321","556,094","561,315","558,849","565,374","561,939","556,921","560,464","556,448","557,143","553,581","563,630","564,170","567,810","574,718","577,927","582,189","583,030","581,533","585,385","583,804","586,304","586,466","582,069","581,719","575,568","579,298","580,287","580,423","579,144","576,760","574,644","572,198","570,232","569,659","569,530","574,154","571,389","571,006","571,232"
Service-producing industries  [T003] 4,"1,338,723","1,341,741","1,345,494","1,346,015","1,352,953","1,357,318","1,361,641","1,364,661","1,365,617","1,366,946","1,368,312","1,370,318","1,367,403","1,368,960","1,371,174","1,373,473","1,371,947","1,376,746","1,379,433","1,378,341","1,378,523","1,380,602","1,384,457","1,386,853","1,395,008","1,394,697","1,392,951","1,395,321","1,396,728","1,398,921","1,403,709","1,406,416","1,409,687","1,410,245","1,413,405","1,415,439","1,421,952","1,429,160","1,435,347","1,440,962","1,442,645","1,445,604","1,442,975","1,446,767","1,449,388","1,450,822","1,455,497","1,460,269","1,464,592","1,469,585","1,471,644","1,472,653","1,481,669","1,482,461","1,485,692","1,489,801","1,494,208","1,498,103","1,497,864","1,504,036","1,508,902","1,504,365","1,510,723","1,516,636","1,519,029","1,524,125","1,529,043","1,530,541","1,531,214","1,532,876","1,534,245","1,543,433","1,549,655","1,549,060","1,419,280","1,289,139","1,330,132","1,409,246","1,448,916","1,465,909","1,480,918","1,489,213","1,497,148","1,497,040","1,500,996","1,507,168","1,523,400","1,505,704","1,501,558","1,515,820","1,532,252","1,547,625","1,557,206","1,563,080","1,571,930","1,571,865","1,563,427","1,576,370","1,586,970","1,584,798","1,592,106","1,593,882","1,596,927","1,601,040","1,605,145","1,605,422","1,605,871","1,605,494","1,617,191","1,619,861","1,622,411","1,621,194","1,628,828","1,626,282","1,626,530","1,628,889","1,628,679","1,630,324","1,630,759","1,630,520","1,642,231","1,645,359"
Business sector industries  [T004],"1,507,510","1,516,317","1,521,103","1,524,794","1,536,627","1,546,993","1,548,073","1,543,834","1,552,459","1,555,932","1,556,982","1,560,148","1,551,199","1,547,864","1,546,580","1,545,303","1,545,225","1,549,959","1,554,696","1,560,185","1,551,346","1,552,977","1,557,507","1,558,965","1,569,499","1,562,950","1,555,223","1,559,151","1,547,057","1,556,003","1,567,694","1,571,803","1,576,121","1,575,204","1,582,154","1,587,568","1,597,765","1,604,354","1,612,686","1,621,746","1,625,421","1,628,701","1,626,367","1,623,030","1,626,677","1,626,692","1,635,271","1,639,442","1,644,431","1,653,903","1,661,368","1,660,439","1,666,490","1,668,077","1,671,789","1,672,970","1,676,250","1,679,473","1,675,651","1,679,003","1,683,129","1,677,327","1,688,321","1,700,896","1,706,183","1,709,859","1,709,609","1,709,532","1,710,516","1,710,467","1,709,535","1,718,742","1,721,698","1,725,137","1,588,427","1,395,030","1,465,126","1,565,803","1,606,125","1,620,117","1,635,735","1,645,428","1,658,584","1,659,874","1,667,973","1,670,048","1,688,589","1,671,161","1,658,313","1,673,332","1,684,119","1,700,448","1,705,042","1,721,591","1,730,268","1,733,248","1,733,014","1,747,118","1,762,295","1,760,095","1,764,173","1,768,161","1,769,043","1,774,982","1,778,604","1,772,313","1,770,695","1,763,427","1,777,395","1,779,768","1,781,663","1,782,012","1,784,232","1,778,756","1,775,680","1,775,287","1,773,907","1,774,792","1,782,618","1,784,931","1,787,808","1,790,461"
Non-business sector industries  [T007],"355,230","355,839","356,131","356,295","356,325","354,536","356,267","356,601","355,477","357,502","357,685","357,373","358,474","359,216","359,438","360,161","359,160","359,612","359,699","358,202","359,130","359,289","359,212","359,864","360,962","361,881","362,548","362,978","364,230","364,513","364,208","364,618","365,283","365,167","365,448","365,432","365,432","366,008","366,357","366,679","366,951","368,123","369,244","370,476","371,760","372,011","372,936","374,279","375,940","377,204","378,358","379,757","381,238","382,181","382,831","383,317","383,480","383,823","383,939","383,808","384,414","384,691","385,476","385,743","386,218","386,496","387,611","387,828","387,818","389,033","389,554","390,918","392,858","393,529","371,110","353,338","363,095","369,515","379,178","384,420","387,795","389,795","390,697","392,794","393,744","395,539","399,720","395,822","399,453","402,317","404,489","404,626","406,410","405,541","406,452","406,875","405,153","407,316","407,082","407,800","409,702","411,173","411,876","412,509","413,206","415,482","417,174","418,147","419,714","420,976","421,791","419,086","422,299","423,127","424,066","424,967","425,559","426,197","423,353","418,330","426,763","427,491"
Industrial production  [T010] 4,"339,613","345,078","346,932","350,457","353,459","356,835","354,563","349,182","354,571","356,351","355,960","357,007","354,299","351,385","349,912","347,182","346,567","347,877","350,211","355,074","348,146","348,141","348,906","349,193","353,006","349,099","345,546","346,825","336,722","345,252","351,103","353,528","353,909","351,653","355,079","358,327","360,661","359,808","361,961","363,438","367,372","366,300","366,577","361,327","362,092","359,441","363,364","364,655","366,530","370,894","377,099","376,336","374,604","377,494","379,505","378,372","378,246","378,787","376,293","373,400","372,179","371,757","376,323","382,786","383,893","380,538","374,887","374,923","374,872","374,248","372,038","372,860","370,828","375,615","351,923","296,808","316,098","334,459","347,016","349,416","352,859","354,538","360,815","363,633","367,013","362,228","365,770","358,720","358,337","364,588","364,103","366,327","363,658","371,165","369,570","372,061","375,661","376,938","379,771","381,085","380,012","383,096","380,927","382,126","383,262","377,885","378,293","374,332","377,231","379,206","379,652","378,499","378,630","377,517","375,787","374,520","374,052","373,895","378,650","376,687","377,133","377,326"
Non-durable manufacturing industries  [T011] 4,"86,847","87,738","86,733","87,310","88,685","91,209","90,675","89,870","88,963","90,113","89,668","91,811","91,263","91,131","92,021","92,009","91,968","91,475","91,236","93,521","92,498","91,268","91,436","91,558","92,509","91,884","92,586","92,717","91,160","91,850","93,339","93,374","93,108","92,055","93,244","93,497","93,233","93,769","94,321","94,593","94,968","95,388","94,606","92,747","93,349","93,767","94,497","94,646","95,985","95,789","96,019","95,080","94,251","97,375","97,859","96,996","98,054","96,374","96,544","95,514","95,724","94,758","95,029","95,460","96,094","94,932","94,505","94,639","95,117","95,755","96,030","96,025","94,412","95,026","92,535","80,034","84,234","89,605","93,021","92,892","94,161","95,577","97,124","95,679","97,371","95,433","96,816","96,039","95,150","96,970","97,236","98,019","96,879","98,956","99,158","99,177","99,998","100,940","101,522","99,851","98,293","98,608","98,674","98,757","98,926","97,766","96,230","95,495","95,970","95,342","96,164","95,480","96,763","96,281","95,540","94,867","95,349","95,238","96,307","95,491","96,262","95,331"
Durable manufacturing industries  [T012] 4,"109,776","111,911","111,388","111,583","113,515","112,707","114,909","113,208","115,489","114,609","113,349","115,153","113,312","111,184","112,300","111,873","111,622","110,035","110,722","112,226","110,782","111,551","111,606","111,941","113,427","111,972","110,185","110,942","109,512","111,228","110,061","110,062","110,573","109,153","110,525","111,320","112,626","111,569","112,659","113,267","114,036","113,767","112,907","111,984","111,951","113,338","115,323","114,445","115,350","116,149","117,903","119,882","117,557","118,043","116,901","116,434","116,851","118,628","117,284","117,266","118,304","118,208","119,227","117,396","121,003","119,856","119,247","118,896","118,368","116,614","117,067","115,918","111,343","113,449","99,456","74,095","85,184","101,124","106,112","109,583","110,029","108,824","110,531","110,914","112,226","110,037","111,727","107,919","107,785","109,599","107,989","108,723","107,104","110,053","111,296","111,822","113,471","114,198","116,495","116,725","116,566","118,515","115,774","115,590","116,266","114,679","115,949","114,976","116,845","118,832","118,310","117,475","119,977","118,994","117,175","116,844","117,023","115,232","116,505","115,558","115,831","115,930"
Information and communication technology sector  [T013] 4,"78,345","78,375","78,652","78,883","78,737","79,759","80,654","81,462","81,587","81,565","81,673","82,025","81,296","81,848","82,215","82,318","82,472","83,023","83,100","82,550","82,967","83,057","83,142","83,395","83,559","84,191","84,420","84,042","85,287","85,228","85,972","86,967","86,948","87,413","87,218","87,658","87,469","87,816","88,446","89,116","89,367","90,444","89,800","89,463","90,445","90,391","91,745","92,462","93,899","94,917","95,597","95,722","96,061","96,434","96,717","97,396","97,731","98,097","98,501","98,836","99,893","100,655","101,002","101,515","101,878","103,221","103,150","104,049","104,585","104,996","106,286","107,122","105,826","106,189","102,406","103,472","103,478","104,930","106,183","107,032","107,259","108,894","109,856","109,403","112,318","111,027","110,997","111,250","111,568","111,664","112,762","113,820","115,142","116,390","117,637","118,877","120,158","121,294","121,632","121,905","122,765","123,211","125,131","125,334","126,195","126,365","125,604","125,430","125,402","126,227","125,362","125,700","125,611","126,203","125,112","125,169","125,020","124,754","124,528","124,062","125,201","125,434"
Energy sector  [T016] 4,"129,530","131,718","133,391","134,678","135,985","137,526","135,563","132,457","134,333","135,821","137,108","135,783","135,560","135,283","132,147","130,607","130,271","131,979","133,387","135,735","130,061","129,786","129,988","130,264","132,422","130,342","128,513","128,007","119,190","126,677","132,880","135,551","136,396","135,071","136,423","138,425","138,967","138,180","138,855","139,301","142,621","141,036","141,817","139,793","140,956","137,077","138,036","141,549","142,280","144,239","148,399","144,901","145,295","146,730","149,022","149,749","147,651","149,418","147,829","144,599","143,128","143,335","145,125","151,370","150,670","150,338","146,601","146,897","147,236","148,093","146,720","149,395","149,447","151,571","147,733","138,128","135,799","130,365","130,873","127,866","130,083","134,185","136,713","138,725","139,753","140,385","139,757","137,182","139,370","143,156","142,367","144,447","144,699","146,024","143,838","145,194","147,728","147,630","147,381","149,538","148,540","148,715","149,948","152,119","152,750","149,789","149,489","147,457","147,971","149,323","149,982","150,989","147,802","148,807","149,640","147,990","146,233","147,848","150,875","150,455","148,795","149,036"
Industrial production (1950 definition)  [T017] 4,"333,355","338,760","340,571","344,062","347,014","350,337","348,053","342,690","348,101","349,884","349,544","350,664","348,107","345,259","343,784","341,034","340,416","341,694","343,978","348,809","341,821","341,704","342,446","342,652","346,464","342,550","339,003","340,278","330,124","338,592","344,378","346,753","347,102","344,911","348,324","351,608","353,896","353,044","355,152","356,690","360,608","359,559","359,810","354,554","355,361","352,779","356,812","358,055","359,725","363,970","370,054","369,251","367,438","370,224","372,181","371,018","370,817","371,276","368,672","365,742","364,352","363,929","368,533","374,948","376,167","372,870","367,326","367,345","367,276","366,533","364,299","365,050","362,902","367,601","345,765","291,005","310,230","328,187","340,701","343,049","346,434","348,006","354,199","356,921","360,334","355,583","359,082","352,026","351,668","357,942","357,349","359,469","356,709","364,228","362,629","365,029","368,499","369,761","372,612","374,038","372,929","375,955","373,754","374,996","376,141","370,759","371,112","367,176","370,106","372,034","372,470","371,213","371,364","370,254","368,524","367,221","366,727","366,581","371,314","369,281","369,655","369,864"
Public Sector  [T018] 4,"382,936","383,237","383,545","383,548","383,575","381,970","383,870","384,188","382,757","384,691","385,182","384,926","386,070","387,009","387,333","388,198","387,388","388,124","388,397","387,207","388,149","388,630","388,734","389,601","390,737","391,774","392,674","393,135","394,486","394,918","394,766","395,217","395,928","395,865","396,117","396,101","396,412","397,134","397,723","397,854","398,185","399,492","400,334","401,775","403,165","403,208","404,202","405,664","407,681","408,961","410,345","411,896","413,415","414,471","415,353","415,830","416,232","416,767","417,221","417,656","418,482","418,729","419,473","419,782","420,068","420,636","422,133","422,839","422,968","424,208","424,986","426,840","427,611","428,777","400,814","374,363","386,762","400,322","412,423","417,886","421,477","424,445","425,745","427,803","429,306","430,935","435,198","431,387","434,951","437,986","440,509","440,703","442,817","441,911","442,706","443,379","441,828","443,803","443,866","444,388","446,045","447,535","448,577","449,169","450,079","451,915","453,334","454,345","455,810","457,422","458,421","455,637","458,951","459,847","460,812","461,851","462,607","463,386","460,681","455,967","464,585","465,563"
Content and media sector  [T019] 4,"14,682","14,804","14,800","14,694","14,871","14,969","14,856","14,857","14,697","14,667","14,670","14,504","14,260","14,130","13,961","13,899","13,733","13,743","13,857","13,866","13,785","13,914","13,871","13,852","13,997","14,056","14,082","14,040","14,057","14,103","14,082","14,539","14,357","14,318","14,336","14,314","14,393","14,346","14,426","14,416","14,496","14,449","14,353","14,280","14,264","14,007","14,008","14,042","14,097","14,332","14,220","14,124","14,265","14,326","14,379","14,171","14,032","14,125","14,103","14,178","14,275","14,144","14,132","14,261","14,324","14,478","14,339","14,370","14,383","14,441","14,543","14,642","14,318","14,471","12,022","9,373","9,680","10,547","11,469","12,957","13,082","13,164","13,017","13,056","13,033","12,973","13,209","13,057","13,280","13,341","13,640","14,308","13,909","13,868","13,764","14,014","13,833","14,292","13,964","13,950","14,112","13,974","13,858","14,007","14,107","14,025","13,999","13,783","13,546","13,713","13,591","13,598","13,549","13,354","12,790","12,486","12,248","12,010","12,311","12,401","12,933","12,511"
All industries (except cannabis sector)  [T020] 4,"1,859,020","1,868,432","1,873,482","1,877,337","1,889,236","1,897,923","1,900,643","1,896,662","1,904,257","1,909,710","1,910,926","1,913,807","1,906,024","1,903,355","1,902,151","1,901,508","1,900,361","1,905,503","1,910,261","1,914,244","1,906,310","1,908,087","1,912,552","1,914,674","1,926,367","1,920,762","1,913,682","1,918,032","1,907,192","1,916,406","1,927,788","1,932,302","1,937,324","1,936,265","1,943,538","1,948,980","1,959,058","1,966,242","1,974,917","1,984,320","1,988,300","1,992,673","1,991,435","1,989,314","1,994,255","1,994,552","2,003,965","2,009,289","2,015,642","2,026,354","2,034,997","2,035,482","2,043,034","2,045,539","2,049,845","2,051,479","2,054,978","2,058,596","2,054,970","2,058,296","2,062,364","2,056,988","2,068,549","2,081,060","2,086,564","2,090,460","2,091,147","2,091,244","2,092,241","2,092,593","2,092,628","2,103,554","2,107,760","2,111,928","1,953,277","1,743,276","1,822,862","1,929,266","1,979,247","1,998,627","2,017,693","2,029,264","2,043,207","2,046,513","2,055,650","2,059,633","2,082,222","2,060,896","2,051,860","2,069,641","2,082,493","2,098,824","2,105,122","2,120,506","2,130,019","2,133,302","2,131,248","2,147,417","2,162,158","2,160,741","2,166,729","2,172,270","2,173,947","2,180,546","2,184,945","2,181,126","2,181,404","2,175,401","2,191,086","2,194,662","2,197,278","2,194,709","2,200,194","2,195,468","2,193,283","2,193,734","2,192,886","2,194,373","2,199,207","2,196,380","2,208,035","2,211,459"
Cannabis sector  [T021] 4,"3,669","3,689","3,701","3,726","3,747","3,761","3,786","3,810","3,833","3,861","3,888","3,915","3,918","3,958","3,997","4,013","4,031","4,052","4,067","4,078","4,083","4,080","4,082","4,097","4,084","4,086","4,082","4,088","4,085","4,094","4,101","4,105","4,107","4,120","4,124","4,134","4,147","4,163","4,172","4,180","4,188","4,204","4,210","4,195","4,153","4,091","4,124","4,249","4,469","4,585","4,640","4,658","4,691","4,763","4,866","4,903","4,867","4,800","4,696","4,594","5,112","4,950","5,210","5,621","5,914","6,002","6,241","6,278","6,273","7,238","6,711","6,270","6,446","6,498","6,533","6,454","6,480","6,611","6,621","6,563","6,460","6,636","6,746","6,972","6,800","6,665","6,751","6,722","6,743","6,816","6,879","6,828","6,878","6,992","6,971","7,059","7,059","7,080","7,193","7,234","7,340","7,325","7,326","7,369","7,391","7,464","7,468","7,423","7,331","7,162","7,033","6,984","6,821","6,841","6,889","6,950","7,018","7,077","7,119","7,113","7,086","7,147"
All industries (except unlicensed cannabis sector)  [T024] 4,"1,862,625","1,874,284","1,875,495","1,879,837","1,888,667","1,892,691","1,894,854","1,893,867","1,903,580","1,910,373","1,910,790","1,914,699","1,905,791","1,903,178","1,902,035","1,901,431","1,900,342","1,905,506","1,910,325","1,914,351","1,906,456","1,908,284","1,912,810","1,914,988","1,926,720","1,921,142","1,914,026","1,918,323","1,907,428","1,916,605","1,927,913","1,932,346","1,937,255","1,936,133","1,943,275","1,948,630","1,958,430","1,965,555","1,974,275","1,983,803","1,988,026","1,992,720","1,991,857","1,989,990","1,995,120","1,995,499","2,005,025","2,010,456","2,016,937","2,027,539","2,036,018","2,036,332","2,043,695","2,046,041","2,050,178","2,051,731","2,055,230","2,058,933","2,055,368","2,058,722","2,063,482","2,058,022","2,069,892","2,082,857","2,088,740","2,092,828","2,093,825","2,094,089","2,095,204","2,096,484","2,096,200","2,106,881","2,111,401","2,115,473","1,956,579","1,746,317","1,825,902","1,932,392","1,982,379","2,001,714","2,020,711","2,032,455","2,046,517","2,050,068","2,059,173","2,063,001","2,085,639","2,064,257","2,055,253","2,073,124","2,086,082","2,102,489","2,108,957","2,124,589","2,134,270","2,137,842","2,135,999","2,152,134","2,166,826","2,165,311","2,171,236","2,176,639","2,178,202","2,184,719","2,189,027","2,185,132","2,185,284","2,179,119","2,194,635","2,198,374","2,201,153","2,198,732","2,204,296","2,199,709","2,197,684","2,198,259","2,197,493","2,199,033","2,203,841","2,200,943","2,212,454","2,215,836"
"Agriculture, forestry, fishing and hunting  [11]","37,578","37,011","36,856","36,704","36,409","36,242","36,135","35,743","35,632","35,957","36,093","36,450","36,692","37,148","37,235","37,634","37,815","37,816","38,048","38,208","38,491","38,766","38,784","39,196","39,157","39,033","39,034","39,004","39,118","39,266","39,601","39,822","40,086","40,247","40,099","40,121","40,320","40,592","40,766","40,574","40,510","40,302","40,428","40,409","40,489","40,356","40,428","40,322","40,618","40,731","40,561","40,635","40,614","40,455","40,316","40,176","40,035","39,805","39,848","39,830","40,722","40,643","40,735","41,057","41,394","41,677","41,485","41,380","41,152","42,053","41,398","41,076","40,817","40,797","41,022","40,453","41,002","41,378","41,840","41,989","41,970","42,024","41,865","41,295","40,760","40,164","39,562","39,079","38,743","38,165","36,753","34,926","34,460","35,083","36,752","38,865","39,652","40,161","40,726","41,223","41,762","42,183","43,192","44,439","44,419","44,052","43,376","42,679","42,356","41,972","41,541","41,169","40,456","40,177","39,685","39,051","38,689","39,283","39,809","40,270","40,442","40,648"
"Mining, quarrying, and oil and gas extraction  [21]","94,920","96,914","98,960","101,177","101,319","102,546","100,112","97,646","100,418","101,321","101,431","100,199","100,100","98,131","94,439","92,903","93,219","96,823","99,374","100,479","96,207","97,259","97,305","97,631","97,673","95,434","92,371","91,810","84,401","89,483","96,490","97,422","98,630","99,489","102,564","103,088","104,421","104,530","103,744","105,262","107,405","106,335","108,279","105,616","105,117","101,565","102,228","103,698","103,334","108,185","111,702","109,923","111,433","110,485","111,720","111,776","110,003","109,921","108,140","107,330","104,311","104,574","108,150","115,746","113,172","112,082","108,073","108,615","108,206","107,697","104,786","106,732","112,816","114,744","109,136","92,163","95,825","89,783","92,881","93,030","96,218","96,862","100,679","105,191","106,040","105,266","106,029","104,348","103,914","104,574","107,284","107,653","108,240","110,798","107,926","109,012","107,218","108,473","108,479","111,642","113,082","113,567","113,953","113,769","115,151","113,420","113,911","111,299","112,938","113,182","113,227","113,436","109,302","110,407","111,760","111,996","110,337","112,438","113,829","115,873","113,171","115,989"
Utilities  [22],"42,224","42,357","42,611","42,318","42,292","42,433","42,064","42,170","42,536","42,754","43,667","43,030","43,227","44,441","44,428","43,617","43,029","42,990","42,447","42,372","41,952","41,363","41,798","41,264","42,576","42,767","42,953","43,712","43,048","44,532","44,049","45,445","44,543","44,213","42,399","43,936","43,886","43,366","44,548","43,625","44,204","44,029","43,944","44,111","44,834","43,996","44,659","45,174","45,057","43,797","44,377","44,476","44,203","44,327","45,615","45,727","45,873","46,423","46,762","45,727","46,428","46,742","46,295","45,868","45,840","45,913","45,665","45,316","45,700","46,500","46,698","46,451","45,494","45,677","45,924","45,360","45,416","46,029","46,984","45,840","44,875","45,603","45,211","45,195","44,811","44,999","44,677","43,969","44,907","46,585","45,296","45,494","45,169","45,255","44,648","45,438","47,544","46,199","46,043","46,231","45,753","45,966","46,213","47,538","46,733","45,824","45,988","46,036","45,233","45,474","45,562","45,698","45,422","44,974","44,808","44,408","44,605","44,673","45,641","43,954","45,339","44,180"
Construction  [23],"153,924","154,819","154,295","153,792","155,907","156,736","157,972","157,442","158,023","159,952","160,105","159,415","157,615","155,844","153,938","153,395","154,273","153,358","152,972","153,116","151,634","151,165","151,004","150,073","149,833","148,473","146,601","147,374","144,806","143,574","144,238","143,553","144,649","144,991","145,924","146,111","147,102","147,535","147,688","150,079","148,501","151,318","152,399","151,801","153,275","154,830","155,541","155,123","155,643","156,937","157,373","157,554","157,990","156,989","156,217","155,101","154,497","153,886","153,043","153,182","153,677","153,177","153,820","153,922","155,749","157,743","159,565","158,276","158,867","158,305","159,440","160,379","160,975","161,295","154,741","128,214","147,989","156,908","154,256","153,859","154,386","156,127","156,390","158,000","160,327","163,068","166,647","170,526","166,329","164,317","162,359","162,774","162,416","164,363","164,810","164,000","166,629","168,030","168,890","167,863","166,948","167,385","166,989","167,013","166,083","167,323","167,296","165,795","166,916","166,402","166,524","166,844","165,081","164,357","164,115","164,066","164,332","163,774","163,223","162,043","161,146","160,968"
Manufacturing  [31-33],"196,586","199,607","198,079","198,849","202,151","203,888","205,548","203,041","204,405","204,684","202,985","206,938","204,549","202,312","204,317","203,882","203,590","201,524","201,957","205,761","203,295","202,810","203,034","203,484","205,931","203,853","202,774","203,660","200,673","203,078","203,400","203,436","203,680","201,207","203,771","204,819","205,860","205,346","206,984","207,865","209,008","209,156","207,512","204,730","205,297","207,099","209,810","209,077","211,361","211,933","213,872","214,825","211,708","215,410","214,802","213,459","214,960","214,957","213,830","212,755","213,988","212,908","214,190","212,829","217,024","214,707","213,667","213,450","213,408","212,314","213,025","211,870","205,835","208,549","191,945","153,978","169,312","190,699","199,105","202,472","204,176","204,361","207,613","206,575","209,576","205,456","208,535","203,940","202,926","206,561","205,193","206,706","203,946","208,965","210,425","210,979","213,454","215,118","218,007","216,589","214,883","217,161","214,462","214,368","215,211","212,456","212,217","210,518","212,866","214,249","214,535","213,016","216,810","215,341","212,773","211,775","212,433","210,516","212,858","211,096","212,134","211,310"
Wholesale trade  [41],"103,068","104,531","104,770","104,449","106,142","106,784","106,256","107,035","108,413","105,557","104,734","105,041","103,308","102,834","102,448","103,424","102,335","102,788","101,742","100,635","100,460","100,733","101,884","102,827","105,172","101,496","100,239","101,504","101,030","101,206","101,882","101,304","101,363","101,942","102,823","103,401","103,655","104,822","105,896","105,895","105,112","105,127","104,188","105,781","105,034","106,324","106,885","107,173","106,660","106,949","108,378","107,939","110,763","109,193","109,430","109,516","109,692","110,196","108,871","109,765","109,708","109,938","111,805","112,782","112,465","114,337","114,696","112,249","114,536","113,318","112,768","115,094","113,119","114,166","108,507","89,276","94,271","111,745","117,570","118,065","118,855","118,888","119,227","118,691","120,164","118,025","121,005","120,570","118,522","116,010","115,537","116,074","117,882","119,021","122,420","123,250","123,725","121,937","120,863","118,804","119,490","118,914","118,303","118,889","118,685","118,617","117,655","116,774","120,100","119,823","118,609","117,000","120,115","117,655","118,631","119,797","119,071","119,148","120,515","120,522","120,267","120,671"
Retail trade  [44-45],"96,560","96,695","96,567","95,625","95,455","96,133","96,596","96,147","95,949","95,627","96,062","96,073","94,042","94,911","95,740","95,125","94,968","95,792","96,253","96,414","97,162","96,333","98,021","97,239","99,070","99,972","98,543","99,736","98,898","98,493","99,363","99,353","100,198","100,484","100,906","100,892","102,746","102,750","102,482","102,992","102,260","102,533","101,527","101,403","101,026","103,188","102,627","102,078","102,488","103,545","103,461","102,888","105,642","104,923","104,839","106,031","106,727","106,809","106,498","106,737","106,801","106,205","107,135","106,868","106,953","107,565","107,506","107,643","107,517","106,455","106,881","108,787","107,448","106,599","95,554","79,221","92,512","108,103","107,631","107,233","110,193","111,557","112,716","109,449","106,754","113,382","116,439","109,613","105,818","111,258","111,211","113,581","112,985","113,922","114,414","111,443","112,587","113,009","114,787","113,584","114,315","113,533","113,342","114,045","113,727","113,087","112,066","113,090","114,564","114,126","114,194","114,752","114,905","114,556","114,324","114,209","114,433","115,441","115,336","115,809","116,271","116,070"
Transportation and warehousing  [48-49],"80,489","81,359","82,099","81,792","83,725","84,210","83,856","83,431","83,833","83,740","83,423","84,704","84,134","83,617","84,313","84,350","84,477","85,054","85,747","86,205","85,880","85,840","86,736","86,624","86,625","87,117","86,157","85,863","86,027","86,329","86,767","88,226","88,182","88,400","88,772","88,931","90,239","90,359","90,980","92,078","92,580","93,399","92,648","93,051","93,729","93,145","94,194","94,618","94,940","95,201","94,591","93,825","93,727","94,008","94,049","94,095","94,859","94,365","93,782","94,698","95,418","94,107","94,598","95,634","96,807","96,606","98,048","98,950","98,263","98,806","99,110","101,925","100,114","98,253","82,538","58,498","59,513","65,251","67,909","68,287","69,881","71,315","73,214","74,403","73,524","72,337","73,156","72,455","71,929","72,205","75,218","77,890","78,922","79,703","80,907","81,402","77,482","80,493","84,028","84,975","86,464","87,411","86,687","86,952","88,163","88,748","89,057","87,544","89,339","89,501","90,367","90,605","90,878","90,508","90,443","91,187","91,389","91,489","92,322","92,309","92,595","93,871"
Information and cultural industries  [51],"55,612","55,697","55,859","55,767","56,142","56,546","56,744","56,953","56,855","57,041","57,339","57,350","56,969","57,032","57,097","57,274","57,200","57,489","57,762","57,874","57,882","58,281","58,436","58,613","58,757","58,977","59,173","59,085","59,421","59,689","59,924","60,572","60,503","60,496","60,743","60,942","61,209","61,480","61,799","61,921","62,162","62,152","61,994","62,072","62,309","62,087","62,288","62,587","63,125","63,681","63,964","63,987","64,308","64,588","64,962","65,009","65,183","65,480","65,743","66,250","66,855","67,070","67,436","68,055","68,369","68,862","68,995","69,409","69,507","70,220","70,624","71,146","70,324","70,444","66,607","64,720","64,856","66,124","66,979","68,398","68,550","68,999","69,057","69,250","69,582","69,524","69,851","69,766","70,073","70,349","71,147","72,360","72,157","72,542","72,729","73,312","73,293","73,849","73,743","73,583","73,791","73,840","74,162","74,363","74,539","74,144","74,113","73,620","73,677","74,186","74,182","74,460","74,533","74,220","73,223","72,874","72,677","72,540","72,922","73,234","73,882","73,485"
Finance and insurance  [52],"114,237","113,749","113,687","114,096","114,126","114,983","115,566","116,396","117,684","119,269","118,887","119,728","120,815","121,222","121,438","120,964","120,422","121,062","122,548","122,715","122,411","122,553","121,992","122,127","124,148","123,778","124,024","124,281","124,111","124,836","126,771","127,092","128,123","127,501","128,374","128,551","127,843","130,723","132,445","134,087","136,868","137,453","136,746","136,017","136,184","136,449","137,192","137,885","137,957","138,903","137,262","136,843","137,409","137,082","137,070","138,532","138,934","140,623","139,712","140,029","140,611","139,193","139,951","140,844","141,007","141,186","141,857","142,782","142,980","143,846","144,281","145,486","145,058","146,136","140,866","143,946","144,027","146,234","147,021","147,455","148,003","150,153","151,352","151,541","151,911","152,303","152,494","151,204","151,246","152,148","153,897","155,529","156,511","156,268","156,454","156,799","157,155","156,994","157,757","156,964","156,736","155,835","156,404","156,136","156,508","155,661","156,663","156,291","156,554","156,636","157,168","156,769","156,978","156,891","156,740","157,167","156,858","157,075","156,798","158,070","158,221","158,703"
Real estate and rental and leasing  [53],"234,039","234,430","234,982","235,564","237,016","237,781","238,655","239,260","239,634","240,121","240,705","240,813","240,813","241,646","242,474","243,491","244,754","245,171","245,492","245,997","245,998","246,731","247,329","247,980","248,210","249,076","249,576","250,131","250,475","251,032","251,121","251,100","251,375","252,516","252,296","253,353","254,290","255,697","256,667","257,003","256,933","256,841","257,098","258,067","259,026","259,764","260,984","263,018","261,882","261,292","261,628","262,561","263,183","264,373","265,228","265,899","266,458","266,682","266,971","267,027","268,526","267,311","267,814","269,120","270,621","271,624","272,839","273,387","274,082","274,595","274,635","274,694","274,185","274,973","271,137","262,533","266,199","273,641","279,375","280,980","282,703","281,717","281,325","283,844","284,978","285,412","285,700","285,542","284,974","284,917","285,286","285,737","286,612","288,396","288,637","288,677","289,537","290,222","288,386","287,078","286,914","286,657","286,840","287,020","287,074","286,912","286,966","287,366","287,869","288,872","289,642","291,010","292,024","292,745","292,920","292,941","293,023","292,557","292,913","294,515","295,527","295,590"
"Professional, scientific and technical services  [54]","110,432","110,922","111,762","112,458","112,952","114,428","115,599","115,902","115,355","115,146","115,638","115,018","114,468","114,001","113,583","113,291","113,116","112,883","112,884","113,183","112,855","113,202","113,584","113,951","114,275","114,637","115,107","114,905","115,715","115,846","116,144","116,496","117,048","117,094","117,338","117,610","117,263","118,112","118,752","119,363","119,810","119,911","119,830","120,176","120,865","120,498","121,327","122,473","123,038","123,813","124,562","124,964","124,992","125,364","125,609","125,701","125,861","126,266","126,868","128,446","128,664","128,736","128,872","129,753","129,581","130,481","131,449","132,258","132,176","132,717","133,652","134,069","133,749","134,983","120,222","119,181","120,626","125,080","128,361","130,616","132,637","134,798","136,214","135,745","137,209","137,319","137,758","137,233","137,209","137,880","139,649","140,949","143,145","144,204","145,006","146,099","147,711","149,177","150,506","150,765","151,552","151,923","153,677","154,622","155,818","155,637","155,198","155,742","156,520","156,988","157,406","157,732","158,016","158,104","157,295","157,345","157,182","157,080","157,080","157,421","157,737","157,928"
Management of companies and enterprises  [55],"11,898","11,700","11,575","11,454","11,400","11,408","11,420","11,418","11,366","11,416","11,571","11,661","11,942","12,051","12,101","12,203","12,227","12,253","12,195","12,083","11,966","11,830","11,662","11,499","11,299","11,015","10,680","10,488","10,349","10,191","10,103","10,013","9,894","9,756","9,680","9,605","9,779","9,727","9,609","9,538","9,450","9,346","9,148","8,974","8,766","8,548","8,331","8,152","7,873","7,557","7,275","7,061","6,868","6,712","6,598","6,510","6,454","6,376","6,353","6,335","6,141","6,031","5,855","5,833","5,729","5,660","5,490","5,335","5,154","5,014","4,864","4,762","4,523","4,430","4,268","4,205","4,102","4,004","3,819","3,667","3,536","3,439","3,321","3,222","3,137","3,094","3,008","2,948","2,902","2,830","2,813","2,767","2,742","2,657","2,581","2,517","2,452","2,407","2,376","2,268","2,170","2,096","2,050","1,995","1,934","1,875","1,810","1,743","1,688","1,644","1,591","1,543","1,493","1,427","1,381","1,346","1,301","1,265","1,202","1,185","1,149","1,099"
"Administrative and support, waste management and remediation services  [56]","54,734","54,802","55,106","55,320","55,753","56,131","56,229","56,420","56,367","56,530","56,620","56,608","56,671","56,806","56,758","56,689","56,690","56,747","56,967","57,010","57,065","57,297","57,246","57,177","57,247","57,323","57,282","57,047","56,993","56,923","56,932","56,908","56,814","56,479","56,377","56,631","56,678","56,561","56,626","56,520","56,669","56,703","56,421","56,262","56,032","55,512","55,554","55,822","56,789","57,053","57,337","57,520","57,676","58,016","58,111","58,184","58,578","58,760","59,307","59,089","59,197","58,919","58,705","58,442","58,318","58,388","58,649","58,792","58,868","59,067","59,170","59,193","58,663","58,733","48,094","41,281","42,467","47,625","48,646","50,354","51,480","52,249","52,664","52,976","53,487","52,531","52,403","52,261","51,798","51,848","52,390","53,048","53,173","53,502","53,602","54,205","54,676","55,247","55,479","55,184","55,375","55,497","55,708","55,841","55,954","55,630","55,776","55,681","55,769","56,134","56,020","56,219","56,077","55,905","55,677","55,552","55,596","55,525","55,563","55,693","55,833","55,719"
Educational services  [61],"105,119","105,264","105,414","105,529","105,240","103,385","105,151","105,591","104,380","106,447","106,852","106,583","107,183","107,333","107,087","107,419","106,635","107,143","106,956","105,708","106,425","106,158","106,039","106,444","106,570","106,834","107,134","107,224","107,312","107,310","107,205","107,230","107,640","107,872","108,047","108,084","107,620","107,984","108,085","108,224","108,343","108,705","108,850","109,296","109,922","109,889","110,334","111,108","111,622","111,883","112,187","112,613","112,893","113,122","113,174","113,337","113,405","113,398","113,501","113,497","113,762","113,849","114,342","114,459","114,510","114,493","115,162","115,094","115,395","115,455","115,439","115,808","116,027","115,589","106,041","96,218","103,389","105,577","110,132","112,821","113,620","113,813","114,068","114,637","115,077","115,481","117,246","112,288","115,117","116,133","117,517","118,249","118,311","118,498","118,744","118,819","118,051","118,060","117,792","118,349","118,968","119,797","119,867","119,838","120,179","120,303","120,733","121,139","121,277","121,904","121,843","121,642","121,867","121,766","122,055","122,359","122,617","122,769","119,903","115,324","122,330","122,475"
Health care and social assistance  [62],"140,085","140,337","140,627","140,770","141,220","141,595","141,875","141,802","141,589","141,379","141,438","141,466","141,785","142,249","142,465","142,898","142,920","143,008","143,323","143,408","143,519","144,106","144,341","144,583","145,146","145,545","145,949","145,980","146,342","146,616","146,959","147,255","147,326","147,320","147,331","147,178","147,301","147,398","147,675","147,717","147,761","148,217","148,338","148,698","148,940","148,966","149,369","149,928","150,938","151,532","152,089","152,600","153,073","153,485","153,863","153,855","154,147","154,326","154,554","154,898","154,859","155,013","155,071","155,239","155,275","155,874","156,389","157,049","157,181","157,694","158,462","159,318","159,024","160,088","149,634","136,984","141,708","150,327","155,114","156,925","158,085","159,517","160,343","160,851","161,700","162,510","163,493","164,358","165,256","166,087","166,968","167,378","167,475","167,518","167,505","167,732","167,636","168,526","168,786","168,796","168,883","169,089","169,648","169,768","170,690","171,111","171,437","171,658","172,049","172,379","172,746","172,898","173,217","173,470","173,669","174,096","174,544","174,903","174,991","174,631","175,960","176,399"
"Arts, entertainment and recreation  [71]","13,998","13,443","14,198","14,332","14,407","14,359","14,307","14,323","14,197","14,081","14,298","14,168","14,230","14,124","14,127","14,219","14,050","14,788","14,728","14,538","14,469","14,678","14,537","14,742","14,757","14,755","14,801","14,504","14,796","14,802","14,913","14,934","15,080","14,918","14,908","14,960","15,308","15,144","15,408","15,964","15,545","15,500","15,590","15,787","15,788","15,697","15,797","15,732","15,795","15,950","15,803","15,726","15,927","15,882","15,669","15,610","15,937","16,060","16,183","16,426","16,442","16,449","16,634","16,551","16,589","16,664","16,673","16,662","16,817","17,038","16,953","17,108","17,029","17,230","11,925","7,037","6,943","7,608","9,162","9,966","10,109","10,375","10,244","10,220","9,898","9,955","10,080","9,450","9,419","10,097","11,047","12,003","12,539","13,288","13,915","12,889","10,943","11,986","13,950","14,909","15,521","16,074","16,077","16,424","16,557","16,758","16,960","17,177","17,534","16,881","17,068","17,181","17,256","17,175","17,333","17,199","16,839","16,835","17,009","16,999","17,000","16,925"
Accommodation and food services  [72],"41,799","42,154","42,410","42,569","43,077","43,239","42,993","43,607","43,476","43,878","43,917","44,106","43,852","43,536","43,511","44,023","44,167","44,468","44,549","44,413","44,264","44,541","44,493","44,727","45,031","45,320","45,417","45,511","45,289","45,537","45,872","45,915","45,800","45,345","45,431","44,595","46,160","45,413","45,612","45,928","45,808","46,113","46,027","46,136","46,339","46,067","46,195","46,082","46,414","46,483","46,491","46,400","46,556","46,714","47,330","47,193","47,316","47,492","47,772","48,247","48,245","48,152","48,487","48,420","48,440","48,638","48,640","48,717","48,496","48,514","48,859","49,028","48,187","47,568","30,701","17,731","20,567","25,510","30,233","32,908","32,845","29,961","30,359","27,410","28,255","29,304","33,267","29,400","28,254","33,465","37,440","40,108","39,903","39,184","40,179","39,285","33,810","38,267","41,510","41,838","42,768","43,181","43,546","43,988","43,977","44,088","43,649","43,642","45,241","44,962","44,544","44,701","44,278","43,673","44,146","43,684","43,873","44,180","44,463","44,851","45,043","45,273"
Other services (except public administration)  [81],"39,222","39,454","39,463","39,602","39,795","39,924","40,111","40,121","40,190","40,089","40,137","40,189","40,073","40,113","40,134","40,173","40,109","40,092","40,030","39,919","39,864","39,912","39,843","39,870","39,712","39,514","39,390","39,262","39,274","39,240","39,244","39,320","39,373","39,379","39,486","39,629","39,773","40,123","40,425","40,642","40,824","41,010","41,019","41,185","41,309","41,255","41,283","41,316","41,471","41,508","41,572","41,524","41,526","41,460","41,489","41,496","41,383","41,390","41,411","41,590","41,654","41,613","41,694","41,806","41,751","41,743","41,756","41,676","41,659","41,622","41,644","41,674","41,175","41,326","36,893","30,191","32,012","34,201","36,730","37,624","38,259","38,604","38,754","38,723","38,707","38,831","38,812","38,852","38,864","39,098","39,997","40,463","40,889","41,289","41,503","41,771","42,160","42,472","42,728","43,083","43,411","43,692","43,922","44,144","44,362","44,343","44,373","44,390","44,522","44,573","44,725","44,930","44,825","44,819","44,864","44,900","44,853","44,862","45,034","45,194","45,246","45,365"
Public administration  [91],"137,708","137,611","137,488","137,232","137,103","136,983","136,845","136,791","136,783","136,858","136,885","136,864","137,092","137,416","137,772","137,873","137,830","137,963","138,113","138,082","138,197","138,360","138,342","138,564","139,012","139,386","139,583","139,926","140,836","141,002","140,607","140,735","140,959","140,671","140,735","140,832","141,492","141,754","141,960","141,909","142,078","142,567","143,147","143,779","144,301","144,353","144,498","144,630","145,126","145,552","146,075","146,688","147,448","147,870","148,318","148,641","148,676","149,039","149,160","149,255","149,861","149,864","150,064","150,090","150,287","150,268","150,581","150,691","150,386","151,055","151,071","151,698","152,526","153,068","145,130","141,249","141,711","144,397","147,144","148,090","149,730","151,070","151,284","152,269","152,473","152,891","154,409","154,685","154,511","155,701","155,955","154,978","156,961","155,813","156,381","156,742","156,057","157,126","157,196","157,156","158,125","158,586","158,996","159,501","159,142","160,439","161,106","161,486","162,429","163,090","163,788","161,016","163,813","164,563","165,043","165,350","165,396","165,663","165,736","165,967","166,239","166,633"